pattern,pattern_definition,order_id,user_id,loss_proxy,concentrates_in,hypothesis_1,hypothesis_2,evidence,followup_experiment
COD + RTO,COD order that resulted in Return-to-Origin (rto_flag=1),o000000026,u000830,731.94,pincode=575139.0 | city_tier=unknown | device_reuse=1,"Buyers in Tier-3 pincodes order COD without intent to pay, causing RTO losses",Fraudulent addresses used specifically to receive goods and reject delivery,"cod=1, rto=1, pincode=575139.0, device_reuse=1, risk=43.0",Pilot: block COD for pincodes with >20% RTO history; compare RTO rate and revenue loss
COD + RTO,COD order that resulted in Return-to-Origin (rto_flag=1),o000000050,u000152,14980.38,pincode=579266.0 | city_tier=unknown | device_reuse=1,"Buyers in Tier-3 pincodes order COD without intent to pay, causing RTO losses",Fraudulent addresses used specifically to receive goods and reject delivery,"cod=1, rto=1, pincode=579266.0, device_reuse=1, risk=25.0",Pilot: block COD for pincodes with >20% RTO history; compare RTO rate and revenue loss
COD + RTO,COD order that resulted in Return-to-Origin (rto_flag=1),o000000077,u001895,10392.97,pincode=573709.0 | city_tier=unknown | device_reuse=1,"Buyers in Tier-3 pincodes order COD without intent to pay, causing RTO losses",Fraudulent addresses used specifically to receive goods and reject delivery,"cod=1, rto=1, pincode=573709.0, device_reuse=1, risk=35.0",Pilot: block COD for pincodes with >20% RTO history; compare RTO rate and revenue loss
COD + RTO,COD order that resulted in Return-to-Origin (rto_flag=1),o000000090,u000125,1465.58,pincode=565285.0 | city_tier=unknown | device_reuse=14,"Buyers in Tier-3 pincodes order COD without intent to pay, causing RTO losses",Fraudulent addresses used specifically to receive goods and reject delivery,"cod=1, rto=1, pincode=565285.0, device_reuse=14, risk=37.0",Pilot: block COD for pincodes with >20% RTO history; compare RTO rate and revenue loss
COD + RTO,COD order that resulted in Return-to-Origin (rto_flag=1),o000000104,u003087,9205.43,pincode=579266.0 | city_tier=unknown | device_reuse=1,"Buyers in Tier-3 pincodes order COD without intent to pay, causing RTO losses",Fraudulent addresses used specifically to receive goods and reject delivery,"cod=1, rto=1, pincode=579266.0, device_reuse=1, risk=35.0",Pilot: block COD for pincodes with >20% RTO history; compare RTO rate and revenue loss
COD + RTO,COD order that resulted in Return-to-Origin (rto_flag=1),o000000195,u000277,2356.89,pincode=579884.0 | city_tier=unknown | device_reuse=1,"Buyers in Tier-3 pincodes order COD without intent to pay, causing RTO losses",Fraudulent addresses used specifically to receive goods and reject delivery,"cod=1, rto=1, pincode=579884.0, device_reuse=1, risk=25.0",Pilot: block COD for pincodes with >20% RTO history; compare RTO rate and revenue loss
COD + RTO,COD order that resulted in Return-to-Origin (rto_flag=1),o000000207,u001171,7546.54,pincode=576088.0 | city_tier=unknown | device_reuse=1,"Buyers in Tier-3 pincodes order COD without intent to pay, causing RTO losses",Fraudulent addresses used specifically to receive goods and reject delivery,"cod=1, rto=1, pincode=576088.0, device_reuse=1, risk=25.0",Pilot: block COD for pincodes with >20% RTO history; compare RTO rate and revenue loss
COD + RTO,COD order that resulted in Return-to-Origin (rto_flag=1),o000000231,,13781.11,pincode=568408.0 | city_tier=unknown | device_reuse=0,"Buyers in Tier-3 pincodes order COD without intent to pay, causing RTO losses",Fraudulent addresses used specifically to receive goods and reject delivery,"cod=1, rto=1, pincode=568408.0, device_reuse=0, risk=15.0",Pilot: block COD for pincodes with >20% RTO history; compare RTO rate and revenue loss
COD + RTO,COD order that resulted in Return-to-Origin (rto_flag=1),o000000297,u002062,12110.64,pincode=577545.0 | city_tier=unknown | device_reuse=1,"Buyers in Tier-3 pincodes order COD without intent to pay, causing RTO losses",Fraudulent addresses used specifically to receive goods and reject delivery,"cod=1, rto=1, pincode=577545.0, device_reuse=1, risk=25.0",Pilot: block COD for pincodes with >20% RTO history; compare RTO rate and revenue loss
COD + RTO,COD order that resulted in Return-to-Origin (rto_flag=1),o000000303,u001445,2175.02,pincode=569539.0 | city_tier=unknown | device_reuse=1,"Buyers in Tier-3 pincodes order COD without intent to pay, causing RTO losses",Fraudulent addresses used specifically to receive goods and reject delivery,"cod=1, rto=1, pincode=569539.0, device_reuse=1, risk=25.0",Pilot: block COD for pincodes with >20% RTO history; compare RTO rate and revenue loss
COD + RTO,COD order that resulted in Return-to-Origin (rto_flag=1),o000000356,u000781,644.84,pincode=574360.0 | city_tier=unknown | device_reuse=1,"Buyers in Tier-3 pincodes order COD without intent to pay, causing RTO losses",Fraudulent addresses used specifically to receive goods and reject delivery,"cod=1, rto=1, pincode=574360.0, device_reuse=1, risk=25.0",Pilot: block COD for pincodes with >20% RTO history; compare RTO rate and revenue loss
COD + RTO,COD order that resulted in Return-to-Origin (rto_flag=1),o000000378,u000452,18414.75,pincode=575692.0 | city_tier=unknown | device_reuse=1,"Buyers in Tier-3 pincodes order COD without intent to pay, causing RTO losses",Fraudulent addresses used specifically to receive goods and reject delivery,"cod=1, rto=1, pincode=575692.0, device_reuse=1, risk=25.0",Pilot: block COD for pincodes with >20% RTO history; compare RTO rate and revenue loss
COD + RTO,COD order that resulted in Return-to-Origin (rto_flag=1),o000000485,u000311,24491.78,pincode=569190.0 | city_tier=unknown | device_reuse=1,"Buyers in Tier-3 pincodes order COD without intent to pay, causing RTO losses",Fraudulent addresses used specifically to receive goods and reject delivery,"cod=1, rto=1, pincode=569190.0, device_reuse=1, risk=25.0",Pilot: block COD for pincodes with >20% RTO history; compare RTO rate and revenue loss
COD + RTO,COD order that resulted in Return-to-Origin (rto_flag=1),o000000529,u001768,8833.01,pincode=572398.0 | city_tier=unknown | device_reuse=1,"Buyers in Tier-3 pincodes order COD without intent to pay, causing RTO losses",Fraudulent addresses used specifically to receive goods and reject delivery,"cod=1, rto=1, pincode=572398.0, device_reuse=1, risk=35.0",Pilot: block COD for pincodes with >20% RTO history; compare RTO rate and revenue loss
COD + RTO,COD order that resulted in Return-to-Origin (rto_flag=1),o000000536,,27865.92,pincode=569544.0 | city_tier=unknown | device_reuse=0,"Buyers in Tier-3 pincodes order COD without intent to pay, causing RTO losses",Fraudulent addresses used specifically to receive goods and reject delivery,"cod=1, rto=1, pincode=569544.0, device_reuse=0, risk=15.0",Pilot: block COD for pincodes with >20% RTO history; compare RTO rate and revenue loss
COD + RTO,COD order that resulted in Return-to-Origin (rto_flag=1),o000000551,u003162,1807.94,pincode=575842.0 | city_tier=unknown | device_reuse=1,"Buyers in Tier-3 pincodes order COD without intent to pay, causing RTO losses",Fraudulent addresses used specifically to receive goods and reject delivery,"cod=1, rto=1, pincode=575842.0, device_reuse=1, risk=25.0",Pilot: block COD for pincodes with >20% RTO history; compare RTO rate and revenue loss
COD + RTO,COD order that resulted in Return-to-Origin (rto_flag=1),o000000552,u000323,9801.01,pincode=575842.0 | city_tier=unknown | device_reuse=1,"Buyers in Tier-3 pincodes order COD without intent to pay, causing RTO losses",Fraudulent addresses used specifically to receive goods and reject delivery,"cod=1, rto=1, pincode=575842.0, device_reuse=1, risk=25.0",Pilot: block COD for pincodes with >20% RTO history; compare RTO rate and revenue loss
COD + RTO,COD order that resulted in Return-to-Origin (rto_flag=1),o000000565,u000360,7540.52,pincode=574573.0 | city_tier=unknown | device_reuse=1,"Buyers in Tier-3 pincodes order COD without intent to pay, causing RTO losses",Fraudulent addresses used specifically to receive goods and reject delivery,"cod=1, rto=1, pincode=574573.0, device_reuse=1, risk=25.0",Pilot: block COD for pincodes with >20% RTO history; compare RTO rate and revenue loss
COD + RTO,COD order that resulted in Return-to-Origin (rto_flag=1),o000000581,u000775,1740.1,pincode=579260.0 | city_tier=unknown | device_reuse=1,"Buyers in Tier-3 pincodes order COD without intent to pay, causing RTO losses",Fraudulent addresses used specifically to receive goods and reject delivery,"cod=1, rto=1, pincode=579260.0, device_reuse=1, risk=25.0",Pilot: block COD for pincodes with >20% RTO history; compare RTO rate and revenue loss
COD + RTO,COD order that resulted in Return-to-Origin (rto_flag=1),o000000592,u002254,9673.62,pincode=565285.0 | city_tier=unknown | device_reuse=1,"Buyers in Tier-3 pincodes order COD without intent to pay, causing RTO losses",Fraudulent addresses used specifically to receive goods and reject delivery,"cod=1, rto=1, pincode=565285.0, device_reuse=1, risk=33.0",Pilot: block COD for pincodes with >20% RTO history; compare RTO rate and revenue loss
COD + RTO,COD order that resulted in Return-to-Origin (rto_flag=1),o000000607,u000452,9313.86,pincode=575692.0 | city_tier=unknown | device_reuse=1,"Buyers in Tier-3 pincodes order COD without intent to pay, causing RTO losses",Fraudulent addresses used specifically to receive goods and reject delivery,"cod=1, rto=1, pincode=575692.0, device_reuse=1, risk=25.0",Pilot: block COD for pincodes with >20% RTO history; compare RTO rate and revenue loss
COD + RTO,COD order that resulted in Return-to-Origin (rto_flag=1),o000000687,,888.66,pincode=567596.0 | city_tier=unknown | device_reuse=0,"Buyers in Tier-3 pincodes order COD without intent to pay, causing RTO losses",Fraudulent addresses used specifically to receive goods and reject delivery,"cod=1, rto=1, pincode=567596.0, device_reuse=0, risk=15.0",Pilot: block COD for pincodes with >20% RTO history; compare RTO rate and revenue loss
COD + RTO,COD order that resulted in Return-to-Origin (rto_flag=1),o000000691,u003167,607.15,pincode=572769.0 | city_tier=unknown | device_reuse=1,"Buyers in Tier-3 pincodes order COD without intent to pay, causing RTO losses",Fraudulent addresses used specifically to receive goods and reject delivery,"cod=1, rto=1, pincode=572769.0, device_reuse=1, risk=25.0",Pilot: block COD for pincodes with >20% RTO history; compare RTO rate and revenue loss
COD + RTO,COD order that resulted in Return-to-Origin (rto_flag=1),o000000726,u002506,1681.99,pincode=576088.0 | city_tier=unknown | device_reuse=1,"Buyers in Tier-3 pincodes order COD without intent to pay, causing RTO losses",Fraudulent addresses used specifically to receive goods and reject delivery,"cod=1, rto=1, pincode=576088.0, device_reuse=1, risk=25.0",Pilot: block COD for pincodes with >20% RTO history; compare RTO rate and revenue loss
COD + RTO,COD order that resulted in Return-to-Origin (rto_flag=1),o000000745,u003162,2075.7,pincode=575842.0 | city_tier=unknown | device_reuse=1,"Buyers in Tier-3 pincodes order COD without intent to pay, causing RTO losses",Fraudulent addresses used specifically to receive goods and reject delivery,"cod=1, rto=1, pincode=575842.0, device_reuse=1, risk=25.0",Pilot: block COD for pincodes with >20% RTO history; compare RTO rate and revenue loss
COD + RTO,COD order that resulted in Return-to-Origin (rto_flag=1),o000000747,u002037,2877.88,pincode=577548.0 | city_tier=unknown | device_reuse=1,"Buyers in Tier-3 pincodes order COD without intent to pay, causing RTO losses",Fraudulent addresses used specifically to receive goods and reject delivery,"cod=1, rto=1, pincode=577548.0, device_reuse=1, risk=25.0",Pilot: block COD for pincodes with >20% RTO history; compare RTO rate and revenue loss
COD + RTO,COD order that resulted in Return-to-Origin (rto_flag=1),o000000807,,2356.82,pincode=564918.0 | city_tier=unknown | device_reuse=0,"Buyers in Tier-3 pincodes order COD without intent to pay, causing RTO losses",Fraudulent addresses used specifically to receive goods and reject delivery,"cod=1, rto=1, pincode=564918.0, device_reuse=0, risk=15.0",Pilot: block COD for pincodes with >20% RTO history; compare RTO rate and revenue loss
COD + RTO,COD order that resulted in Return-to-Origin (rto_flag=1),o000000814,u003063,7881.05,pincode=563967.0 | city_tier=unknown | device_reuse=15,"Buyers in Tier-3 pincodes order COD without intent to pay, causing RTO losses",Fraudulent addresses used specifically to receive goods and reject delivery,"cod=1, rto=1, pincode=563967.0, device_reuse=15, risk=37.0",Pilot: block COD for pincodes with >20% RTO history; compare RTO rate and revenue loss
COD + RTO,COD order that resulted in Return-to-Origin (rto_flag=1),o000000818,u003178,5407.03,pincode=577080.0 | city_tier=unknown | device_reuse=1,"Buyers in Tier-3 pincodes order COD without intent to pay, causing RTO losses",Fraudulent addresses used specifically to receive goods and reject delivery,"cod=1, rto=1, pincode=577080.0, device_reuse=1, risk=25.0",Pilot: block COD for pincodes with >20% RTO history; compare RTO rate and revenue loss
COD + RTO,COD order that resulted in Return-to-Origin (rto_flag=1),o000000825,u000211,3345.11,pincode=572163.0 | city_tier=unknown | device_reuse=1,"Buyers in Tier-3 pincodes order COD without intent to pay, causing RTO losses",Fraudulent addresses used specifically to receive goods and reject delivery,"cod=1, rto=1, pincode=572163.0, device_reuse=1, risk=35.0",Pilot: block COD for pincodes with >20% RTO history; compare RTO rate and revenue loss
COD + RTO,COD order that resulted in Return-to-Origin (rto_flag=1),o000000837,u001622,3596.24,pincode=574573.0 | city_tier=unknown | device_reuse=1,"Buyers in Tier-3 pincodes order COD without intent to pay, causing RTO losses",Fraudulent addresses used specifically to receive goods and reject delivery,"cod=1, rto=1, pincode=574573.0, device_reuse=1, risk=25.0",Pilot: block COD for pincodes with >20% RTO history; compare RTO rate and revenue loss
COD + RTO,COD order that resulted in Return-to-Origin (rto_flag=1),o000000843,,5371.25,pincode=568789.0 | city_tier=unknown | device_reuse=0,"Buyers in Tier-3 pincodes order COD without intent to pay, causing RTO losses",Fraudulent addresses used specifically to receive goods and reject delivery,"cod=1, rto=1, pincode=568789.0, device_reuse=0, risk=15.0",Pilot: block COD for pincodes with >20% RTO history; compare RTO rate and revenue loss
COD + RTO,COD order that resulted in Return-to-Origin (rto_flag=1),o000000848,u001090,1084.72,pincode=577742.0 | city_tier=unknown | device_reuse=1,"Buyers in Tier-3 pincodes order COD without intent to pay, causing RTO losses",Fraudulent addresses used specifically to receive goods and reject delivery,"cod=1, rto=1, pincode=577742.0, device_reuse=1, risk=33.0",Pilot: block COD for pincodes with >20% RTO history; compare RTO rate and revenue loss
COD + RTO,COD order that resulted in Return-to-Origin (rto_flag=1),o000000872,u000609,2514.25,pincode=568518.0 | city_tier=unknown | device_reuse=1,"Buyers in Tier-3 pincodes order COD without intent to pay, causing RTO losses",Fraudulent addresses used specifically to receive goods and reject delivery,"cod=1, rto=1, pincode=568518.0, device_reuse=1, risk=25.0",Pilot: block COD for pincodes with >20% RTO history; compare RTO rate and revenue loss
COD + RTO,COD order that resulted in Return-to-Origin (rto_flag=1),o000000922,u002553,2110.11,pincode=563966.0 | city_tier=unknown | device_reuse=1,"Buyers in Tier-3 pincodes order COD without intent to pay, causing RTO losses",Fraudulent addresses used specifically to receive goods and reject delivery,"cod=1, rto=1, pincode=563966.0, device_reuse=1, risk=25.0",Pilot: block COD for pincodes with >20% RTO history; compare RTO rate and revenue loss
COD + RTO,COD order that resulted in Return-to-Origin (rto_flag=1),o000000928,u002839,1650.72,pincode=571647.0 | city_tier=unknown | device_reuse=1,"Buyers in Tier-3 pincodes order COD without intent to pay, causing RTO losses",Fraudulent addresses used specifically to receive goods and reject delivery,"cod=1, rto=1, pincode=571647.0, device_reuse=1, risk=25.0",Pilot: block COD for pincodes with >20% RTO history; compare RTO rate and revenue loss
COD + RTO,COD order that resulted in Return-to-Origin (rto_flag=1),o000000963,u002247,11017.77,pincode=573828.0 | city_tier=unknown | device_reuse=1,"Buyers in Tier-3 pincodes order COD without intent to pay, causing RTO losses",Fraudulent addresses used specifically to receive goods and reject delivery,"cod=1, rto=1, pincode=573828.0, device_reuse=1, risk=25.0",Pilot: block COD for pincodes with >20% RTO history; compare RTO rate and revenue loss
COD + RTO,COD order that resulted in Return-to-Origin (rto_flag=1),o000000965,u001767,11241.03,pincode=571631.0 | city_tier=unknown | device_reuse=1,"Buyers in Tier-3 pincodes order COD without intent to pay, causing RTO losses",Fraudulent addresses used specifically to receive goods and reject delivery,"cod=1, rto=1, pincode=571631.0, device_reuse=1, risk=25.0",Pilot: block COD for pincodes with >20% RTO history; compare RTO rate and revenue loss
COD + RTO,COD order that resulted in Return-to-Origin (rto_flag=1),o000000978,u001438,6043.26,pincode=576422.0 | city_tier=unknown | device_reuse=1,"Buyers in Tier-3 pincodes order COD without intent to pay, causing RTO losses",Fraudulent addresses used specifically to receive goods and reject delivery,"cod=1, rto=1, pincode=576422.0, device_reuse=1, risk=33.0",Pilot: block COD for pincodes with >20% RTO history; compare RTO rate and revenue loss
COD + RTO,COD order that resulted in Return-to-Origin (rto_flag=1),o000000988,u001048,9307.01,pincode=575139.0 | city_tier=unknown | device_reuse=1,"Buyers in Tier-3 pincodes order COD without intent to pay, causing RTO losses",Fraudulent addresses used specifically to receive goods and reject delivery,"cod=1, rto=1, pincode=575139.0, device_reuse=1, risk=41.0",Pilot: block COD for pincodes with >20% RTO history; compare RTO rate and revenue loss
COD + RTO,COD order that resulted in Return-to-Origin (rto_flag=1),o000001008,u001122,1533.35,pincode=576074.0 | city_tier=unknown | device_reuse=1,"Buyers in Tier-3 pincodes order COD without intent to pay, causing RTO losses",Fraudulent addresses used specifically to receive goods and reject delivery,"cod=1, rto=1, pincode=576074.0, device_reuse=1, risk=33.0",Pilot: block COD for pincodes with >20% RTO history; compare RTO rate and revenue loss
COD + RTO,COD order that resulted in Return-to-Origin (rto_flag=1),o000001026,u000452,10907.37,pincode=575692.0 | city_tier=unknown | device_reuse=1,"Buyers in Tier-3 pincodes order COD without intent to pay, causing RTO losses",Fraudulent addresses used specifically to receive goods and reject delivery,"cod=1, rto=1, pincode=575692.0, device_reuse=1, risk=25.0",Pilot: block COD for pincodes with >20% RTO history; compare RTO rate and revenue loss
COD + RTO,COD order that resulted in Return-to-Origin (rto_flag=1),o000001063,u000753,1031.94,pincode=563967.0 | city_tier=unknown | device_reuse=15,"Buyers in Tier-3 pincodes order COD without intent to pay, causing RTO losses",Fraudulent addresses used specifically to receive goods and reject delivery,"cod=1, rto=1, pincode=563967.0, device_reuse=15, risk=37.0",Pilot: block COD for pincodes with >20% RTO history; compare RTO rate and revenue loss
COD + RTO,COD order that resulted in Return-to-Origin (rto_flag=1),o000001064,u000441,3033.47,pincode=575661.0 | city_tier=unknown | device_reuse=1,"Buyers in Tier-3 pincodes order COD without intent to pay, causing RTO losses",Fraudulent addresses used specifically to receive goods and reject delivery,"cod=1, rto=1, pincode=575661.0, device_reuse=1, risk=33.0",Pilot: block COD for pincodes with >20% RTO history; compare RTO rate and revenue loss
COD + RTO,COD order that resulted in Return-to-Origin (rto_flag=1),o000001070,u002546,4774.99,pincode=575614.0 | city_tier=unknown | device_reuse=1,"Buyers in Tier-3 pincodes order COD without intent to pay, causing RTO losses",Fraudulent addresses used specifically to receive goods and reject delivery,"cod=1, rto=1, pincode=575614.0, device_reuse=1, risk=25.0",Pilot: block COD for pincodes with >20% RTO history; compare RTO rate and revenue loss
COD + RTO,COD order that resulted in Return-to-Origin (rto_flag=1),o000001111,u002399,563.79,pincode=575618.0 | city_tier=unknown | device_reuse=1,"Buyers in Tier-3 pincodes order COD without intent to pay, causing RTO losses",Fraudulent addresses used specifically to receive goods and reject delivery,"cod=1, rto=1, pincode=575618.0, device_reuse=1, risk=25.0",Pilot: block COD for pincodes with >20% RTO history; compare RTO rate and revenue loss
COD + RTO,COD order that resulted in Return-to-Origin (rto_flag=1),o000001138,u000660,26142.02,pincode=569190.0 | city_tier=unknown | device_reuse=1,"Buyers in Tier-3 pincodes order COD without intent to pay, causing RTO losses",Fraudulent addresses used specifically to receive goods and reject delivery,"cod=1, rto=1, pincode=569190.0, device_reuse=1, risk=25.0",Pilot: block COD for pincodes with >20% RTO history; compare RTO rate and revenue loss
COD + RTO,COD order that resulted in Return-to-Origin (rto_flag=1),o000001148,u001083,16443.75,pincode=563967.0 | city_tier=unknown | device_reuse=15,"Buyers in Tier-3 pincodes order COD without intent to pay, causing RTO losses",Fraudulent addresses used specifically to receive goods and reject delivery,"cod=1, rto=1, pincode=563967.0, device_reuse=15, risk=37.0",Pilot: block COD for pincodes with >20% RTO history; compare RTO rate and revenue loss
COD + RTO,COD order that resulted in Return-to-Origin (rto_flag=1),o000001194,u000543,10953.66,pincode=577548.0 | city_tier=unknown | device_reuse=1,"Buyers in Tier-3 pincodes order COD without intent to pay, causing RTO losses",Fraudulent addresses used specifically to receive goods and reject delivery,"cod=1, rto=1, pincode=577548.0, device_reuse=1, risk=25.0",Pilot: block COD for pincodes with >20% RTO history; compare RTO rate and revenue loss
COD + RTO,COD order that resulted in Return-to-Origin (rto_flag=1),o000001219,,5532.12,pincode=563163.0 | city_tier=unknown | device_reuse=0,"Buyers in Tier-3 pincodes order COD without intent to pay, causing RTO losses",Fraudulent addresses used specifically to receive goods and reject delivery,"cod=1, rto=1, pincode=563163.0, device_reuse=0, risk=15.0",Pilot: block COD for pincodes with >20% RTO history; compare RTO rate and revenue loss
COD + RTO,COD order that resulted in Return-to-Origin (rto_flag=1),o000001347,u002254,5928.94,pincode=565285.0 | city_tier=unknown | device_reuse=1,"Buyers in Tier-3 pincodes order COD without intent to pay, causing RTO losses",Fraudulent addresses used specifically to receive goods and reject delivery,"cod=1, rto=1, pincode=565285.0, device_reuse=1, risk=25.0",Pilot: block COD for pincodes with >20% RTO history; compare RTO rate and revenue loss
COD + RTO,COD order that resulted in Return-to-Origin (rto_flag=1),o000001417,u001218,2187.82,pincode=572788.0 | city_tier=unknown | device_reuse=1,"Buyers in Tier-3 pincodes order COD without intent to pay, causing RTO losses",Fraudulent addresses used specifically to receive goods and reject delivery,"cod=1, rto=1, pincode=572788.0, device_reuse=1, risk=25.0",Pilot: block COD for pincodes with >20% RTO history; compare RTO rate and revenue loss
COD + RTO,COD order that resulted in Return-to-Origin (rto_flag=1),o000001450,u002692,3103.4,pincode=577080.0 | city_tier=unknown | device_reuse=1,"Buyers in Tier-3 pincodes order COD without intent to pay, causing RTO losses",Fraudulent addresses used specifically to receive goods and reject delivery,"cod=1, rto=1, pincode=577080.0, device_reuse=1, risk=25.0",Pilot: block COD for pincodes with >20% RTO history; compare RTO rate and revenue loss
COD + RTO,COD order that resulted in Return-to-Origin (rto_flag=1),o000001543,u003112,7624.16,pincode=569190.0 | city_tier=unknown | device_reuse=1,"Buyers in Tier-3 pincodes order COD without intent to pay, causing RTO losses",Fraudulent addresses used specifically to receive goods and reject delivery,"cod=1, rto=1, pincode=569190.0, device_reuse=1, risk=25.0",Pilot: block COD for pincodes with >20% RTO history; compare RTO rate and revenue loss
COD + RTO,COD order that resulted in Return-to-Origin (rto_flag=1),o000001644,u002026,1682.23,pincode=565894.0 | city_tier=unknown | device_reuse=1,"Buyers in Tier-3 pincodes order COD without intent to pay, causing RTO losses",Fraudulent addresses used specifically to receive goods and reject delivery,"cod=1, rto=1, pincode=565894.0, device_reuse=1, risk=25.0",Pilot: block COD for pincodes with >20% RTO history; compare RTO rate and revenue loss
COD + RTO,COD order that resulted in Return-to-Origin (rto_flag=1),o000001667,u002399,14310.0,pincode=575618.0 | city_tier=unknown | device_reuse=1,"Buyers in Tier-3 pincodes order COD without intent to pay, causing RTO losses",Fraudulent addresses used specifically to receive goods and reject delivery,"cod=1, rto=1, pincode=575618.0, device_reuse=1, risk=25.0",Pilot: block COD for pincodes with >20% RTO history; compare RTO rate and revenue loss
COD + RTO,COD order that resulted in Return-to-Origin (rto_flag=1),o000001680,u001104,1757.88,pincode=577934.0 | city_tier=unknown | device_reuse=1,"Buyers in Tier-3 pincodes order COD without intent to pay, causing RTO losses",Fraudulent addresses used specifically to receive goods and reject delivery,"cod=1, rto=1, pincode=577934.0, device_reuse=1, risk=35.0",Pilot: block COD for pincodes with >20% RTO history; compare RTO rate and revenue loss
COD + RTO,COD order that resulted in Return-to-Origin (rto_flag=1),o000001767,u003062,3637.17,pincode=572788.0 | city_tier=unknown | device_reuse=1,"Buyers in Tier-3 pincodes order COD without intent to pay, causing RTO losses",Fraudulent addresses used specifically to receive goods and reject delivery,"cod=1, rto=1, pincode=572788.0, device_reuse=1, risk=33.0",Pilot: block COD for pincodes with >20% RTO history; compare RTO rate and revenue loss
COD + RTO,COD order that resulted in Return-to-Origin (rto_flag=1),o000001798,u000548,533.47,pincode=569539.0 | city_tier=unknown | device_reuse=1,"Buyers in Tier-3 pincodes order COD without intent to pay, causing RTO losses",Fraudulent addresses used specifically to receive goods and reject delivery,"cod=1, rto=1, pincode=569539.0, device_reuse=1, risk=25.0",Pilot: block COD for pincodes with >20% RTO history; compare RTO rate and revenue loss
COD + RTO,COD order that resulted in Return-to-Origin (rto_flag=1),o000001823,,9362.19,pincode=569200.0 | city_tier=unknown | device_reuse=0,"Buyers in Tier-3 pincodes order COD without intent to pay, causing RTO losses",Fraudulent addresses used specifically to receive goods and reject delivery,"cod=1, rto=1, pincode=569200.0, device_reuse=0, risk=15.0",Pilot: block COD for pincodes with >20% RTO history; compare RTO rate and revenue loss
COD + RTO,COD order that resulted in Return-to-Origin (rto_flag=1),o000001885,u000986,9371.66,pincode=572163.0 | city_tier=unknown | device_reuse=1,"Buyers in Tier-3 pincodes order COD without intent to pay, causing RTO losses",Fraudulent addresses used specifically to receive goods and reject delivery,"cod=1, rto=1, pincode=572163.0, device_reuse=1, risk=25.0",Pilot: block COD for pincodes with >20% RTO history; compare RTO rate and revenue loss
COD + RTO,COD order that resulted in Return-to-Origin (rto_flag=1),o000001925,u002576,3633.18,pincode=569190.0 | city_tier=unknown | device_reuse=1,"Buyers in Tier-3 pincodes order COD without intent to pay, causing RTO losses",Fraudulent addresses used specifically to receive goods and reject delivery,"cod=1, rto=1, pincode=569190.0, device_reuse=1, risk=25.0",Pilot: block COD for pincodes with >20% RTO history; compare RTO rate and revenue loss
COD + RTO,COD order that resulted in Return-to-Origin (rto_flag=1),o000001949,u001067,6268.49,pincode=573709.0 | city_tier=unknown | device_reuse=1,"Buyers in Tier-3 pincodes order COD without intent to pay, causing RTO losses",Fraudulent addresses used specifically to receive goods and reject delivery,"cod=1, rto=1, pincode=573709.0, device_reuse=1, risk=25.0",Pilot: block COD for pincodes with >20% RTO history; compare RTO rate and revenue loss
COD + RTO,COD order that resulted in Return-to-Origin (rto_flag=1),o000002006,u000046,3157.27,pincode=575614.0 | city_tier=unknown | device_reuse=1,"Buyers in Tier-3 pincodes order COD without intent to pay, causing RTO losses",Fraudulent addresses used specifically to receive goods and reject delivery,"cod=1, rto=1, pincode=575614.0, device_reuse=1, risk=25.0",Pilot: block COD for pincodes with >20% RTO history; compare RTO rate and revenue loss
COD + RTO,COD order that resulted in Return-to-Origin (rto_flag=1),o000002017,u002243,9569.72,pincode=579266.0 | city_tier=unknown | device_reuse=1,"Buyers in Tier-3 pincodes order COD without intent to pay, causing RTO losses",Fraudulent addresses used specifically to receive goods and reject delivery,"cod=1, rto=1, pincode=579266.0, device_reuse=1, risk=25.0",Pilot: block COD for pincodes with >20% RTO history; compare RTO rate and revenue loss
COD + RTO,COD order that resulted in Return-to-Origin (rto_flag=1),o000002043,u000118,9457.11,pincode=573634.0 | city_tier=unknown | device_reuse=1,"Buyers in Tier-3 pincodes order COD without intent to pay, causing RTO losses",Fraudulent addresses used specifically to receive goods and reject delivery,"cod=1, rto=1, pincode=573634.0, device_reuse=1, risk=25.0",Pilot: block COD for pincodes with >20% RTO history; compare RTO rate and revenue loss
COD + RTO,COD order that resulted in Return-to-Origin (rto_flag=1),o000002054,,539.02,pincode=561593.0 | city_tier=unknown | device_reuse=0,"Buyers in Tier-3 pincodes order COD without intent to pay, causing RTO losses",Fraudulent addresses used specifically to receive goods and reject delivery,"cod=1, rto=1, pincode=561593.0, device_reuse=0, risk=15.0",Pilot: block COD for pincodes with >20% RTO history; compare RTO rate and revenue loss
COD + RTO,COD order that resulted in Return-to-Origin (rto_flag=1),o000002071,,687.15,pincode=562492.0 | city_tier=unknown | device_reuse=0,"Buyers in Tier-3 pincodes order COD without intent to pay, causing RTO losses",Fraudulent addresses used specifically to receive goods and reject delivery,"cod=1, rto=1, pincode=562492.0, device_reuse=0, risk=15.0",Pilot: block COD for pincodes with >20% RTO history; compare RTO rate and revenue loss
COD + RTO,COD order that resulted in Return-to-Origin (rto_flag=1),o000002079,u000123,5362.2,pincode=569190.0 | city_tier=unknown | device_reuse=1,"Buyers in Tier-3 pincodes order COD without intent to pay, causing RTO losses",Fraudulent addresses used specifically to receive goods and reject delivery,"cod=1, rto=1, pincode=569190.0, device_reuse=1, risk=25.0",Pilot: block COD for pincodes with >20% RTO history; compare RTO rate and revenue loss
COD + RTO,COD order that resulted in Return-to-Origin (rto_flag=1),o000002097,u000778,1460.92,pincode=575661.0 | city_tier=unknown | device_reuse=1,"Buyers in Tier-3 pincodes order COD without intent to pay, causing RTO losses",Fraudulent addresses used specifically to receive goods and reject delivery,"cod=1, rto=1, pincode=575661.0, device_reuse=1, risk=25.0",Pilot: block COD for pincodes with >20% RTO history; compare RTO rate and revenue loss
COD + RTO,COD order that resulted in Return-to-Origin (rto_flag=1),o000002130,u003164,1600.0,pincode=574573.0 | city_tier=unknown | device_reuse=1,"Buyers in Tier-3 pincodes order COD without intent to pay, causing RTO losses",Fraudulent addresses used specifically to receive goods and reject delivery,"cod=1, rto=1, pincode=574573.0, device_reuse=1, risk=35.0",Pilot: block COD for pincodes with >20% RTO history; compare RTO rate and revenue loss
COD + RTO,COD order that resulted in Return-to-Origin (rto_flag=1),o000002165,u001520,1260.1,pincode=576334.0 | city_tier=unknown | device_reuse=1,"Buyers in Tier-3 pincodes order COD without intent to pay, causing RTO losses",Fraudulent addresses used specifically to receive goods and reject delivery,"cod=1, rto=1, pincode=576334.0, device_reuse=1, risk=25.0",Pilot: block COD for pincodes with >20% RTO history; compare RTO rate and revenue loss
COD + RTO,COD order that resulted in Return-to-Origin (rto_flag=1),o000002216,u002794,670.64,pincode=577522.0 | city_tier=unknown | device_reuse=1,"Buyers in Tier-3 pincodes order COD without intent to pay, causing RTO losses",Fraudulent addresses used specifically to receive goods and reject delivery,"cod=1, rto=1, pincode=577522.0, device_reuse=1, risk=25.0",Pilot: block COD for pincodes with >20% RTO history; compare RTO rate and revenue loss
COD + RTO,COD order that resulted in Return-to-Origin (rto_flag=1),o000002217,u001610,431.86,pincode=575139.0 | city_tier=unknown | device_reuse=1,"Buyers in Tier-3 pincodes order COD without intent to pay, causing RTO losses",Fraudulent addresses used specifically to receive goods and reject delivery,"cod=1, rto=1, pincode=575139.0, device_reuse=1, risk=25.0",Pilot: block COD for pincodes with >20% RTO history; compare RTO rate and revenue loss
COD + RTO,COD order that resulted in Return-to-Origin (rto_flag=1),o000002218,u002702,1482.64,pincode=569539.0 | city_tier=unknown | device_reuse=1,"Buyers in Tier-3 pincodes order COD without intent to pay, causing RTO losses",Fraudulent addresses used specifically to receive goods and reject delivery,"cod=1, rto=1, pincode=569539.0, device_reuse=1, risk=25.0",Pilot: block COD for pincodes with >20% RTO history; compare RTO rate and revenue loss
COD + RTO,COD order that resulted in Return-to-Origin (rto_flag=1),o000002267,u001210,6331.14,pincode=577626.0 | city_tier=unknown | device_reuse=1,"Buyers in Tier-3 pincodes order COD without intent to pay, causing RTO losses",Fraudulent addresses used specifically to receive goods and reject delivery,"cod=1, rto=1, pincode=577626.0, device_reuse=1, risk=35.0",Pilot: block COD for pincodes with >20% RTO history; compare RTO rate and revenue loss
COD + RTO,COD order that resulted in Return-to-Origin (rto_flag=1),o000002351,u001767,7622.95,pincode=571631.0 | city_tier=unknown | device_reuse=1,"Buyers in Tier-3 pincodes order COD without intent to pay, causing RTO losses",Fraudulent addresses used specifically to receive goods and reject delivery,"cod=1, rto=1, pincode=571631.0, device_reuse=1, risk=25.0",Pilot: block COD for pincodes with >20% RTO history; compare RTO rate and revenue loss
COD + RTO,COD order that resulted in Return-to-Origin (rto_flag=1),o000002386,u002504,10505.72,pincode=569190.0 | city_tier=unknown | device_reuse=1,"Buyers in Tier-3 pincodes order COD without intent to pay, causing RTO losses",Fraudulent addresses used specifically to receive goods and reject delivery,"cod=1, rto=1, pincode=569190.0, device_reuse=1, risk=35.0",Pilot: block COD for pincodes with >20% RTO history; compare RTO rate and revenue loss
COD + RTO,COD order that resulted in Return-to-Origin (rto_flag=1),o000002452,u000537,7341.55,pincode=576422.0 | city_tier=unknown | device_reuse=1,"Buyers in Tier-3 pincodes order COD without intent to pay, causing RTO losses",Fraudulent addresses used specifically to receive goods and reject delivery,"cod=1, rto=1, pincode=576422.0, device_reuse=1, risk=25.0",Pilot: block COD for pincodes with >20% RTO history; compare RTO rate and revenue loss
COD + RTO,COD order that resulted in Return-to-Origin (rto_flag=1),o000002459,u002335,14759.91,pincode=576088.0 | city_tier=unknown | device_reuse=1,"Buyers in Tier-3 pincodes order COD without intent to pay, causing RTO losses",Fraudulent addresses used specifically to receive goods and reject delivery,"cod=1, rto=1, pincode=576088.0, device_reuse=1, risk=25.0",Pilot: block COD for pincodes with >20% RTO history; compare RTO rate and revenue loss
COD + RTO,COD order that resulted in Return-to-Origin (rto_flag=1),o000002468,u002300,690.46,pincode=574441.0 | city_tier=unknown | device_reuse=1,"Buyers in Tier-3 pincodes order COD without intent to pay, causing RTO losses",Fraudulent addresses used specifically to receive goods and reject delivery,"cod=1, rto=1, pincode=574441.0, device_reuse=1, risk=25.0",Pilot: block COD for pincodes with >20% RTO history; compare RTO rate and revenue loss
COD + RTO,COD order that resulted in Return-to-Origin (rto_flag=1),o000002493,u001428,13788.46,pincode=575139.0 | city_tier=unknown | device_reuse=1,"Buyers in Tier-3 pincodes order COD without intent to pay, causing RTO losses",Fraudulent addresses used specifically to receive goods and reject delivery,"cod=1, rto=1, pincode=575139.0, device_reuse=1, risk=25.0",Pilot: block COD for pincodes with >20% RTO history; compare RTO rate and revenue loss
COD + RTO,COD order that resulted in Return-to-Origin (rto_flag=1),o000002569,u002089,3096.79,pincode=576422.0 | city_tier=unknown | device_reuse=1,"Buyers in Tier-3 pincodes order COD without intent to pay, causing RTO losses",Fraudulent addresses used specifically to receive goods and reject delivery,"cod=1, rto=1, pincode=576422.0, device_reuse=1, risk=25.0",Pilot: block COD for pincodes with >20% RTO history; compare RTO rate and revenue loss
COD + RTO,COD order that resulted in Return-to-Origin (rto_flag=1),o000002577,u002747,1858.97,pincode=577545.0 | city_tier=unknown | device_reuse=1,"Buyers in Tier-3 pincodes order COD without intent to pay, causing RTO losses",Fraudulent addresses used specifically to receive goods and reject delivery,"cod=1, rto=1, pincode=577545.0, device_reuse=1, risk=35.0",Pilot: block COD for pincodes with >20% RTO history; compare RTO rate and revenue loss
COD + RTO,COD order that resulted in Return-to-Origin (rto_flag=1),o000002602,u003139,1255.6,pincode=563966.0 | city_tier=unknown | device_reuse=1,"Buyers in Tier-3 pincodes order COD without intent to pay, causing RTO losses",Fraudulent addresses used specifically to receive goods and reject delivery,"cod=1, rto=1, pincode=563966.0, device_reuse=1, risk=25.0",Pilot: block COD for pincodes with >20% RTO history; compare RTO rate and revenue loss
COD + RTO,COD order that resulted in Return-to-Origin (rto_flag=1),o000002613,u000007,519.33,pincode=571222.0 | city_tier=unknown | device_reuse=1,"Buyers in Tier-3 pincodes order COD without intent to pay, causing RTO losses",Fraudulent addresses used specifically to receive goods and reject delivery,"cod=1, rto=1, pincode=571222.0, device_reuse=1, risk=25.0",Pilot: block COD for pincodes with >20% RTO history; compare RTO rate and revenue loss
COD + RTO,COD order that resulted in Return-to-Origin (rto_flag=1),o000002654,u001277,2052.32,pincode=569190.0 | city_tier=unknown | device_reuse=1,"Buyers in Tier-3 pincodes order COD without intent to pay, causing RTO losses",Fraudulent addresses used specifically to receive goods and reject delivery,"cod=1, rto=1, pincode=569190.0, device_reuse=1, risk=25.0",Pilot: block COD for pincodes with >20% RTO history; compare RTO rate and revenue loss
COD + RTO,COD order that resulted in Return-to-Origin (rto_flag=1),o000002682,u000827,1541.16,pincode=579884.0 | city_tier=unknown | device_reuse=1,"Buyers in Tier-3 pincodes order COD without intent to pay, causing RTO losses",Fraudulent addresses used specifically to receive goods and reject delivery,"cod=1, rto=1, pincode=579884.0, device_reuse=1, risk=25.0",Pilot: block COD for pincodes with >20% RTO history; compare RTO rate and revenue loss
COD + RTO,COD order that resulted in Return-to-Origin (rto_flag=1),o000002693,u001067,3936.45,pincode=573709.0 | city_tier=unknown | device_reuse=1,"Buyers in Tier-3 pincodes order COD without intent to pay, causing RTO losses",Fraudulent addresses used specifically to receive goods and reject delivery,"cod=1, rto=1, pincode=573709.0, device_reuse=1, risk=25.0",Pilot: block COD for pincodes with >20% RTO history; compare RTO rate and revenue loss
COD + RTO,COD order that resulted in Return-to-Origin (rto_flag=1),o000002711,u002636,7694.84,pincode=576334.0 | city_tier=unknown | device_reuse=1,"Buyers in Tier-3 pincodes order COD without intent to pay, causing RTO losses",Fraudulent addresses used specifically to receive goods and reject delivery,"cod=1, rto=1, pincode=576334.0, device_reuse=1, risk=25.0",Pilot: block COD for pincodes with >20% RTO history; compare RTO rate and revenue loss
COD + RTO,COD order that resulted in Return-to-Origin (rto_flag=1),o000002720,u002098,3312.07,pincode=568518.0 | city_tier=unknown | device_reuse=1,"Buyers in Tier-3 pincodes order COD without intent to pay, causing RTO losses",Fraudulent addresses used specifically to receive goods and reject delivery,"cod=1, rto=1, pincode=568518.0, device_reuse=1, risk=25.0",Pilot: block COD for pincodes with >20% RTO history; compare RTO rate and revenue loss
COD + RTO,COD order that resulted in Return-to-Origin (rto_flag=1),o000002721,,1161.48,pincode=565909.0 | city_tier=unknown | device_reuse=0,"Buyers in Tier-3 pincodes order COD without intent to pay, causing RTO losses",Fraudulent addresses used specifically to receive goods and reject delivery,"cod=1, rto=1, pincode=565909.0, device_reuse=0, risk=15.0",Pilot: block COD for pincodes with >20% RTO history; compare RTO rate and revenue loss
COD + RTO,COD order that resulted in Return-to-Origin (rto_flag=1),o000002727,u001298,2161.34,pincode=569190.0 | city_tier=unknown | device_reuse=1,"Buyers in Tier-3 pincodes order COD without intent to pay, causing RTO losses",Fraudulent addresses used specifically to receive goods and reject delivery,"cod=1, rto=1, pincode=569190.0, device_reuse=1, risk=35.0",Pilot: block COD for pincodes with >20% RTO history; compare RTO rate and revenue loss
COD + RTO,COD order that resulted in Return-to-Origin (rto_flag=1),o000002794,u000255,5262.69,pincode=563967.0 | city_tier=unknown | device_reuse=1,"Buyers in Tier-3 pincodes order COD without intent to pay, causing RTO losses",Fraudulent addresses used specifically to receive goods and reject delivery,"cod=1, rto=1, pincode=563967.0, device_reuse=1, risk=25.0",Pilot: block COD for pincodes with >20% RTO history; compare RTO rate and revenue loss
COD + RTO,COD order that resulted in Return-to-Origin (rto_flag=1),o000002830,u002730,10032.07,pincode=568518.0 | city_tier=unknown | device_reuse=1,"Buyers in Tier-3 pincodes order COD without intent to pay, causing RTO losses",Fraudulent addresses used specifically to receive goods and reject delivery,"cod=1, rto=1, pincode=568518.0, device_reuse=1, risk=25.0",Pilot: block COD for pincodes with >20% RTO history; compare RTO rate and revenue loss
COD + RTO,COD order that resulted in Return-to-Origin (rto_flag=1),o000002851,,2262.37,pincode=564060.0 | city_tier=unknown | device_reuse=0,"Buyers in Tier-3 pincodes order COD without intent to pay, causing RTO losses",Fraudulent addresses used specifically to receive goods and reject delivery,"cod=1, rto=1, pincode=564060.0, device_reuse=0, risk=15.0",Pilot: block COD for pincodes with >20% RTO history; compare RTO rate and revenue loss
COD + RTO,COD order that resulted in Return-to-Origin (rto_flag=1),o000002855,u000072,1900.1,pincode=573709.0 | city_tier=unknown | device_reuse=1,"Buyers in Tier-3 pincodes order COD without intent to pay, causing RTO losses",Fraudulent addresses used specifically to receive goods and reject delivery,"cod=1, rto=1, pincode=573709.0, device_reuse=1, risk=25.0",Pilot: block COD for pincodes with >20% RTO history; compare RTO rate and revenue loss
COD + RTO,COD order that resulted in Return-to-Origin (rto_flag=1),o000002865,,11795.38,pincode=569064.0 | city_tier=unknown | device_reuse=0,"Buyers in Tier-3 pincodes order COD without intent to pay, causing RTO losses",Fraudulent addresses used specifically to receive goods and reject delivery,"cod=1, rto=1, pincode=569064.0, device_reuse=0, risk=15.0",Pilot: block COD for pincodes with >20% RTO history; compare RTO rate and revenue loss
COD + RTO,COD order that resulted in Return-to-Origin (rto_flag=1),o000002866,u000792,3776.2,pincode=574597.0 | city_tier=unknown | device_reuse=1,"Buyers in Tier-3 pincodes order COD without intent to pay, causing RTO losses",Fraudulent addresses used specifically to receive goods and reject delivery,"cod=1, rto=1, pincode=574597.0, device_reuse=1, risk=25.0",Pilot: block COD for pincodes with >20% RTO history; compare RTO rate and revenue loss
COD + RTO,COD order that resulted in Return-to-Origin (rto_flag=1),o000002889,u003131,828.27,pincode=568518.0 | city_tier=unknown | device_reuse=14,"Buyers in Tier-3 pincodes order COD without intent to pay, causing RTO losses",Fraudulent addresses used specifically to receive goods and reject delivery,"cod=1, rto=1, pincode=568518.0, device_reuse=14, risk=47.0",Pilot: block COD for pincodes with >20% RTO history; compare RTO rate and revenue loss
COD + RTO,COD order that resulted in Return-to-Origin (rto_flag=1),o000003000,u001358,11981.33,pincode=577080.0 | city_tier=unknown | device_reuse=1,"Buyers in Tier-3 pincodes order COD without intent to pay, causing RTO losses",Fraudulent addresses used specifically to receive goods and reject delivery,"cod=1, rto=1, pincode=577080.0, device_reuse=1, risk=33.0",Pilot: block COD for pincodes with >20% RTO history; compare RTO rate and revenue loss
COD + RTO,COD order that resulted in Return-to-Origin (rto_flag=1),o000003016,u002507,3369.72,pincode=568518.0 | city_tier=unknown | device_reuse=1,"Buyers in Tier-3 pincodes order COD without intent to pay, causing RTO losses",Fraudulent addresses used specifically to receive goods and reject delivery,"cod=1, rto=1, pincode=568518.0, device_reuse=1, risk=25.0",Pilot: block COD for pincodes with >20% RTO history; compare RTO rate and revenue loss
COD + RTO,COD order that resulted in Return-to-Origin (rto_flag=1),o000003056,u001417,385.02,pincode=571631.0 | city_tier=unknown | device_reuse=1,"Buyers in Tier-3 pincodes order COD without intent to pay, causing RTO losses",Fraudulent addresses used specifically to receive goods and reject delivery,"cod=1, rto=1, pincode=571631.0, device_reuse=1, risk=25.0",Pilot: block COD for pincodes with >20% RTO history; compare RTO rate and revenue loss
COD + RTO,COD order that resulted in Return-to-Origin (rto_flag=1),o000003064,u001979,7909.76,pincode=578896.0 | city_tier=unknown | device_reuse=1,"Buyers in Tier-3 pincodes order COD without intent to pay, causing RTO losses",Fraudulent addresses used specifically to receive goods and reject delivery,"cod=1, rto=1, pincode=578896.0, device_reuse=1, risk=25.0",Pilot: block COD for pincodes with >20% RTO history; compare RTO rate and revenue loss
COD + RTO,COD order that resulted in Return-to-Origin (rto_flag=1),o000003146,u001989,2114.33,pincode=576074.0 | city_tier=unknown | device_reuse=1,"Buyers in Tier-3 pincodes order COD without intent to pay, causing RTO losses",Fraudulent addresses used specifically to receive goods and reject delivery,"cod=1, rto=1, pincode=576074.0, device_reuse=1, risk=35.0",Pilot: block COD for pincodes with >20% RTO history; compare RTO rate and revenue loss
COD + RTO,COD order that resulted in Return-to-Origin (rto_flag=1),o000003171,u000290,5297.52,pincode=569190.0 | city_tier=unknown | device_reuse=1,"Buyers in Tier-3 pincodes order COD without intent to pay, causing RTO losses",Fraudulent addresses used specifically to receive goods and reject delivery,"cod=1, rto=1, pincode=569190.0, device_reuse=1, risk=25.0",Pilot: block COD for pincodes with >20% RTO history; compare RTO rate and revenue loss
COD + RTO,COD order that resulted in Return-to-Origin (rto_flag=1),o000003250,u001361,16788.79,pincode=569190.0 | city_tier=unknown | device_reuse=1,"Buyers in Tier-3 pincodes order COD without intent to pay, causing RTO losses",Fraudulent addresses used specifically to receive goods and reject delivery,"cod=1, rto=1, pincode=569190.0, device_reuse=1, risk=25.0",Pilot: block COD for pincodes with >20% RTO history; compare RTO rate and revenue loss
COD + RTO,COD order that resulted in Return-to-Origin (rto_flag=1),o000003276,u000395,8436.53,pincode=573828.0 | city_tier=unknown | device_reuse=1,"Buyers in Tier-3 pincodes order COD without intent to pay, causing RTO losses",Fraudulent addresses used specifically to receive goods and reject delivery,"cod=1, rto=1, pincode=573828.0, device_reuse=1, risk=25.0",Pilot: block COD for pincodes with >20% RTO history; compare RTO rate and revenue loss
COD + RTO,COD order that resulted in Return-to-Origin (rto_flag=1),o000003285,u001530,11369.78,pincode=568375.0 | city_tier=unknown | device_reuse=1,"Buyers in Tier-3 pincodes order COD without intent to pay, causing RTO losses",Fraudulent addresses used specifically to receive goods and reject delivery,"cod=1, rto=1, pincode=568375.0, device_reuse=1, risk=25.0",Pilot: block COD for pincodes with >20% RTO history; compare RTO rate and revenue loss
COD + RTO,COD order that resulted in Return-to-Origin (rto_flag=1),o000003301,u000510,6915.6,pincode=571561.0 | city_tier=unknown | device_reuse=1,"Buyers in Tier-3 pincodes order COD without intent to pay, causing RTO losses",Fraudulent addresses used specifically to receive goods and reject delivery,"cod=1, rto=1, pincode=571561.0, device_reuse=1, risk=25.0",Pilot: block COD for pincodes with >20% RTO history; compare RTO rate and revenue loss
COD + RTO,COD order that resulted in Return-to-Origin (rto_flag=1),o000003353,u001973,7853.72,pincode=576074.0 | city_tier=unknown | device_reuse=1,"Buyers in Tier-3 pincodes order COD without intent to pay, causing RTO losses",Fraudulent addresses used specifically to receive goods and reject delivery,"cod=1, rto=1, pincode=576074.0, device_reuse=1, risk=25.0",Pilot: block COD for pincodes with >20% RTO history; compare RTO rate and revenue loss
COD + RTO,COD order that resulted in Return-to-Origin (rto_flag=1),o000003375,u003020,805.42,pincode=574360.0 | city_tier=unknown | device_reuse=1,"Buyers in Tier-3 pincodes order COD without intent to pay, causing RTO losses",Fraudulent addresses used specifically to receive goods and reject delivery,"cod=1, rto=1, pincode=574360.0, device_reuse=1, risk=25.0",Pilot: block COD for pincodes with >20% RTO history; compare RTO rate and revenue loss
COD + RTO,COD order that resulted in Return-to-Origin (rto_flag=1),o000003430,,2249.37,pincode=566498.0 | city_tier=unknown | device_reuse=0,"Buyers in Tier-3 pincodes order COD without intent to pay, causing RTO losses",Fraudulent addresses used specifically to receive goods and reject delivery,"cod=1, rto=1, pincode=566498.0, device_reuse=0, risk=15.0",Pilot: block COD for pincodes with >20% RTO history; compare RTO rate and revenue loss
COD + RTO,COD order that resulted in Return-to-Origin (rto_flag=1),o000003447,u002574,1467.11,pincode=577899.0 | city_tier=unknown | device_reuse=1,"Buyers in Tier-3 pincodes order COD without intent to pay, causing RTO losses",Fraudulent addresses used specifically to receive goods and reject delivery,"cod=1, rto=1, pincode=577899.0, device_reuse=1, risk=25.0",Pilot: block COD for pincodes with >20% RTO history; compare RTO rate and revenue loss
COD + RTO,COD order that resulted in Return-to-Origin (rto_flag=1),o000003493,,7498.94,pincode=566233.0 | city_tier=unknown | device_reuse=0,"Buyers in Tier-3 pincodes order COD without intent to pay, causing RTO losses",Fraudulent addresses used specifically to receive goods and reject delivery,"cod=1, rto=1, pincode=566233.0, device_reuse=0, risk=15.0",Pilot: block COD for pincodes with >20% RTO history; compare RTO rate and revenue loss
COD + RTO,COD order that resulted in Return-to-Origin (rto_flag=1),o000003504,u000987,4467.7,pincode=574081.0 | city_tier=unknown | device_reuse=1,"Buyers in Tier-3 pincodes order COD without intent to pay, causing RTO losses",Fraudulent addresses used specifically to receive goods and reject delivery,"cod=1, rto=1, pincode=574081.0, device_reuse=1, risk=25.0",Pilot: block COD for pincodes with >20% RTO history; compare RTO rate and revenue loss
COD + RTO,COD order that resulted in Return-to-Origin (rto_flag=1),o000003591,u000575,2578.9,pincode=573828.0 | city_tier=unknown | device_reuse=1,"Buyers in Tier-3 pincodes order COD without intent to pay, causing RTO losses",Fraudulent addresses used specifically to receive goods and reject delivery,"cod=1, rto=1, pincode=573828.0, device_reuse=1, risk=25.0",Pilot: block COD for pincodes with >20% RTO history; compare RTO rate and revenue loss
COD + RTO,COD order that resulted in Return-to-Origin (rto_flag=1),o000003695,,713.53,pincode=561645.0 | city_tier=unknown | device_reuse=0,"Buyers in Tier-3 pincodes order COD without intent to pay, causing RTO losses",Fraudulent addresses used specifically to receive goods and reject delivery,"cod=1, rto=1, pincode=561645.0, device_reuse=0, risk=15.0",Pilot: block COD for pincodes with >20% RTO history; compare RTO rate and revenue loss
COD + RTO,COD order that resulted in Return-to-Origin (rto_flag=1),o000003705,u003169,7616.58,pincode=578963.0 | city_tier=unknown | device_reuse=1,"Buyers in Tier-3 pincodes order COD without intent to pay, causing RTO losses",Fraudulent addresses used specifically to receive goods and reject delivery,"cod=1, rto=1, pincode=578963.0, device_reuse=1, risk=25.0",Pilot: block COD for pincodes with >20% RTO history; compare RTO rate and revenue loss
COD + RTO,COD order that resulted in Return-to-Origin (rto_flag=1),o000003744,u001493,8858.36,pincode=577545.0 | city_tier=unknown | device_reuse=1,"Buyers in Tier-3 pincodes order COD without intent to pay, causing RTO losses",Fraudulent addresses used specifically to receive goods and reject delivery,"cod=1, rto=1, pincode=577545.0, device_reuse=1, risk=43.0",Pilot: block COD for pincodes with >20% RTO history; compare RTO rate and revenue loss
COD + RTO,COD order that resulted in Return-to-Origin (rto_flag=1),o000003782,u002427,11588.94,pincode=574081.0 | city_tier=unknown | device_reuse=1,"Buyers in Tier-3 pincodes order COD without intent to pay, causing RTO losses",Fraudulent addresses used specifically to receive goods and reject delivery,"cod=1, rto=1, pincode=574081.0, device_reuse=1, risk=25.0",Pilot: block COD for pincodes with >20% RTO history; compare RTO rate and revenue loss
COD + RTO,COD order that resulted in Return-to-Origin (rto_flag=1),o000003858,u001772,3805.06,pincode=574597.0 | city_tier=unknown | device_reuse=1,"Buyers in Tier-3 pincodes order COD without intent to pay, causing RTO losses",Fraudulent addresses used specifically to receive goods and reject delivery,"cod=1, rto=1, pincode=574597.0, device_reuse=1, risk=35.0",Pilot: block COD for pincodes with >20% RTO history; compare RTO rate and revenue loss
COD + RTO,COD order that resulted in Return-to-Origin (rto_flag=1),o000003866,u002577,3595.73,pincode=579260.0 | city_tier=unknown | device_reuse=1,"Buyers in Tier-3 pincodes order COD without intent to pay, causing RTO losses",Fraudulent addresses used specifically to receive goods and reject delivery,"cod=1, rto=1, pincode=579260.0, device_reuse=1, risk=33.0",Pilot: block COD for pincodes with >20% RTO history; compare RTO rate and revenue loss
COD + RTO,COD order that resulted in Return-to-Origin (rto_flag=1),o000003885,u000713,9512.74,pincode=578600.0 | city_tier=unknown | device_reuse=1,"Buyers in Tier-3 pincodes order COD without intent to pay, causing RTO losses",Fraudulent addresses used specifically to receive goods and reject delivery,"cod=1, rto=1, pincode=578600.0, device_reuse=1, risk=25.0",Pilot: block COD for pincodes with >20% RTO history; compare RTO rate and revenue loss
COD + RTO,COD order that resulted in Return-to-Origin (rto_flag=1),o000003894,,6932.37,pincode=567715.0 | city_tier=unknown | device_reuse=0,"Buyers in Tier-3 pincodes order COD without intent to pay, causing RTO losses",Fraudulent addresses used specifically to receive goods and reject delivery,"cod=1, rto=1, pincode=567715.0, device_reuse=0, risk=15.0",Pilot: block COD for pincodes with >20% RTO history; compare RTO rate and revenue loss
COD + RTO,COD order that resulted in Return-to-Origin (rto_flag=1),o000003933,u003099,11176.38,pincode=565285.0 | city_tier=unknown | device_reuse=1,"Buyers in Tier-3 pincodes order COD without intent to pay, causing RTO losses",Fraudulent addresses used specifically to receive goods and reject delivery,"cod=1, rto=1, pincode=565285.0, device_reuse=1, risk=25.0",Pilot: block COD for pincodes with >20% RTO history; compare RTO rate and revenue loss
COD + RTO,COD order that resulted in Return-to-Origin (rto_flag=1),o000003935,u001079,3173.39,pincode=568518.0 | city_tier=unknown | device_reuse=1,"Buyers in Tier-3 pincodes order COD without intent to pay, causing RTO losses",Fraudulent addresses used specifically to receive goods and reject delivery,"cod=1, rto=1, pincode=568518.0, device_reuse=1, risk=25.0",Pilot: block COD for pincodes with >20% RTO history; compare RTO rate and revenue loss
COD + RTO,COD order that resulted in Return-to-Origin (rto_flag=1),o000003937,u001805,1341.24,pincode=574360.0 | city_tier=unknown | device_reuse=1,"Buyers in Tier-3 pincodes order COD without intent to pay, causing RTO losses",Fraudulent addresses used specifically to receive goods and reject delivery,"cod=1, rto=1, pincode=574360.0, device_reuse=1, risk=25.0",Pilot: block COD for pincodes with >20% RTO history; compare RTO rate and revenue loss
COD + RTO,COD order that resulted in Return-to-Origin (rto_flag=1),o000003966,u000320,400.28,pincode=578963.0 | city_tier=unknown | device_reuse=1,"Buyers in Tier-3 pincodes order COD without intent to pay, causing RTO losses",Fraudulent addresses used specifically to receive goods and reject delivery,"cod=1, rto=1, pincode=578963.0, device_reuse=1, risk=25.0",Pilot: block COD for pincodes with >20% RTO history; compare RTO rate and revenue loss
COD + RTO,COD order that resulted in Return-to-Origin (rto_flag=1),o000003986,u002928,5577.43,pincode=572163.0 | city_tier=unknown | device_reuse=1,"Buyers in Tier-3 pincodes order COD without intent to pay, causing RTO losses",Fraudulent addresses used specifically to receive goods and reject delivery,"cod=1, rto=1, pincode=572163.0, device_reuse=1, risk=25.0",Pilot: block COD for pincodes with >20% RTO history; compare RTO rate and revenue loss
COD + RTO,COD order that resulted in Return-to-Origin (rto_flag=1),o000003994,u002223,1745.88,pincode=575674.0 | city_tier=unknown | device_reuse=1,"Buyers in Tier-3 pincodes order COD without intent to pay, causing RTO losses",Fraudulent addresses used specifically to receive goods and reject delivery,"cod=1, rto=1, pincode=575674.0, device_reuse=1, risk=25.0",Pilot: block COD for pincodes with >20% RTO history; compare RTO rate and revenue loss
COD + RTO,COD order that resulted in Return-to-Origin (rto_flag=1),o000004026,u003179,7540.52,pincode=563966.0 | city_tier=unknown | device_reuse=1,"Buyers in Tier-3 pincodes order COD without intent to pay, causing RTO losses",Fraudulent addresses used specifically to receive goods and reject delivery,"cod=1, rto=1, pincode=563966.0, device_reuse=1, risk=25.0",Pilot: block COD for pincodes with >20% RTO history; compare RTO rate and revenue loss
COD + RTO,COD order that resulted in Return-to-Origin (rto_flag=1),o000004032,u002087,11395.68,pincode=571541.0 | city_tier=unknown | device_reuse=1,"Buyers in Tier-3 pincodes order COD without intent to pay, causing RTO losses",Fraudulent addresses used specifically to receive goods and reject delivery,"cod=1, rto=1, pincode=571541.0, device_reuse=1, risk=25.0",Pilot: block COD for pincodes with >20% RTO history; compare RTO rate and revenue loss
COD + RTO,COD order that resulted in Return-to-Origin (rto_flag=1),o000004057,u001724,1084.68,pincode=563967.0 | city_tier=unknown | device_reuse=15,"Buyers in Tier-3 pincodes order COD without intent to pay, causing RTO losses",Fraudulent addresses used specifically to receive goods and reject delivery,"cod=1, rto=1, pincode=563967.0, device_reuse=15, risk=37.0",Pilot: block COD for pincodes with >20% RTO history; compare RTO rate and revenue loss
COD + RTO,COD order that resulted in Return-to-Origin (rto_flag=1),o000004071,u000262,1741.51,pincode=565894.0 | city_tier=unknown | device_reuse=1,"Buyers in Tier-3 pincodes order COD without intent to pay, causing RTO losses",Fraudulent addresses used specifically to receive goods and reject delivery,"cod=1, rto=1, pincode=565894.0, device_reuse=1, risk=25.0",Pilot: block COD for pincodes with >20% RTO history; compare RTO rate and revenue loss
COD + RTO,COD order that resulted in Return-to-Origin (rto_flag=1),o000004074,u002920,5331.67,pincode=565894.0 | city_tier=unknown | device_reuse=10,"Buyers in Tier-3 pincodes order COD without intent to pay, causing RTO losses",Fraudulent addresses used specifically to receive goods and reject delivery,"cod=1, rto=1, pincode=565894.0, device_reuse=10, risk=37.0",Pilot: block COD for pincodes with >20% RTO history; compare RTO rate and revenue loss
COD + RTO,COD order that resulted in Return-to-Origin (rto_flag=1),o000004079,,9090.04,pincode=563729.0 | city_tier=unknown | device_reuse=0,"Buyers in Tier-3 pincodes order COD without intent to pay, causing RTO losses",Fraudulent addresses used specifically to receive goods and reject delivery,"cod=1, rto=1, pincode=563729.0, device_reuse=0, risk=15.0",Pilot: block COD for pincodes with >20% RTO history; compare RTO rate and revenue loss
COD + RTO,COD order that resulted in Return-to-Origin (rto_flag=1),o000004087,u001003,16307.61,pincode=577522.0 | city_tier=unknown | device_reuse=1,"Buyers in Tier-3 pincodes order COD without intent to pay, causing RTO losses",Fraudulent addresses used specifically to receive goods and reject delivery,"cod=1, rto=1, pincode=577522.0, device_reuse=1, risk=25.0",Pilot: block COD for pincodes with >20% RTO history; compare RTO rate and revenue loss
COD + RTO,COD order that resulted in Return-to-Origin (rto_flag=1),o000004104,u001573,2454.64,pincode=575438.0 | city_tier=unknown | device_reuse=1,"Buyers in Tier-3 pincodes order COD without intent to pay, causing RTO losses",Fraudulent addresses used specifically to receive goods and reject delivery,"cod=1, rto=1, pincode=575438.0, device_reuse=1, risk=25.0",Pilot: block COD for pincodes with >20% RTO history; compare RTO rate and revenue loss
COD + RTO,COD order that resulted in Return-to-Origin (rto_flag=1),o000004132,u001605,25351.35,pincode=563966.0 | city_tier=unknown | device_reuse=1,"Buyers in Tier-3 pincodes order COD without intent to pay, causing RTO losses",Fraudulent addresses used specifically to receive goods and reject delivery,"cod=1, rto=1, pincode=563966.0, device_reuse=1, risk=25.0",Pilot: block COD for pincodes with >20% RTO history; compare RTO rate and revenue loss
COD + RTO,COD order that resulted in Return-to-Origin (rto_flag=1),o000004158,,8551.44,pincode=562081.0 | city_tier=unknown | device_reuse=0,"Buyers in Tier-3 pincodes order COD without intent to pay, causing RTO losses",Fraudulent addresses used specifically to receive goods and reject delivery,"cod=1, rto=1, pincode=562081.0, device_reuse=0, risk=15.0",Pilot: block COD for pincodes with >20% RTO history; compare RTO rate and revenue loss
COD + RTO,COD order that resulted in Return-to-Origin (rto_flag=1),o000004172,u002796,1140.1,pincode=569539.0 | city_tier=unknown | device_reuse=1,"Buyers in Tier-3 pincodes order COD without intent to pay, causing RTO losses",Fraudulent addresses used specifically to receive goods and reject delivery,"cod=1, rto=1, pincode=569539.0, device_reuse=1, risk=35.0",Pilot: block COD for pincodes with >20% RTO history; compare RTO rate and revenue loss
COD + RTO,COD order that resulted in Return-to-Origin (rto_flag=1),o000004193,u000318,19118.16,pincode=575614.0 | city_tier=unknown | device_reuse=1,"Buyers in Tier-3 pincodes order COD without intent to pay, causing RTO losses",Fraudulent addresses used specifically to receive goods and reject delivery,"cod=1, rto=1, pincode=575614.0, device_reuse=1, risk=25.0",Pilot: block COD for pincodes with >20% RTO history; compare RTO rate and revenue loss
COD + RTO,COD order that resulted in Return-to-Origin (rto_flag=1),o000004225,u001826,907.24,pincode=568518.0 | city_tier=unknown | device_reuse=14,"Buyers in Tier-3 pincodes order COD without intent to pay, causing RTO losses",Fraudulent addresses used specifically to receive goods and reject delivery,"cod=1, rto=1, pincode=568518.0, device_reuse=14, risk=37.0",Pilot: block COD for pincodes with >20% RTO history; compare RTO rate and revenue loss
COD + RTO,COD order that resulted in Return-to-Origin (rto_flag=1),o000004267,u002862,2680.82,pincode=575692.0 | city_tier=unknown | device_reuse=1,"Buyers in Tier-3 pincodes order COD without intent to pay, causing RTO losses",Fraudulent addresses used specifically to receive goods and reject delivery,"cod=1, rto=1, pincode=575692.0, device_reuse=1, risk=33.0",Pilot: block COD for pincodes with >20% RTO history; compare RTO rate and revenue loss
COD + RTO,COD order that resulted in Return-to-Origin (rto_flag=1),o000004304,u001280,4603.36,pincode=573709.0 | city_tier=unknown | device_reuse=1,"Buyers in Tier-3 pincodes order COD without intent to pay, causing RTO losses",Fraudulent addresses used specifically to receive goods and reject delivery,"cod=1, rto=1, pincode=573709.0, device_reuse=1, risk=25.0",Pilot: block COD for pincodes with >20% RTO history; compare RTO rate and revenue loss
COD + RTO,COD order that resulted in Return-to-Origin (rto_flag=1),o000004355,u002808,2826.54,pincode=572163.0 | city_tier=unknown | device_reuse=1,"Buyers in Tier-3 pincodes order COD without intent to pay, causing RTO losses",Fraudulent addresses used specifically to receive goods and reject delivery,"cod=1, rto=1, pincode=572163.0, device_reuse=1, risk=35.0",Pilot: block COD for pincodes with >20% RTO history; compare RTO rate and revenue loss
COD + RTO,COD order that resulted in Return-to-Origin (rto_flag=1),o000004378,u000399,2947.89,pincode=568518.0 | city_tier=unknown | device_reuse=1,"Buyers in Tier-3 pincodes order COD without intent to pay, causing RTO losses",Fraudulent addresses used specifically to receive goods and reject delivery,"cod=1, rto=1, pincode=568518.0, device_reuse=1, risk=33.0",Pilot: block COD for pincodes with >20% RTO history; compare RTO rate and revenue loss
COD + RTO,COD order that resulted in Return-to-Origin (rto_flag=1),o000004442,,4557.0,pincode=565743.0 | city_tier=unknown | device_reuse=0,"Buyers in Tier-3 pincodes order COD without intent to pay, causing RTO losses",Fraudulent addresses used specifically to receive goods and reject delivery,"cod=1, rto=1, pincode=565743.0, device_reuse=0, risk=15.0",Pilot: block COD for pincodes with >20% RTO history; compare RTO rate and revenue loss
COD + RTO,COD order that resulted in Return-to-Origin (rto_flag=1),o000004458,,21048.83,pincode=568481.0 | city_tier=unknown | device_reuse=0,"Buyers in Tier-3 pincodes order COD without intent to pay, causing RTO losses",Fraudulent addresses used specifically to receive goods and reject delivery,"cod=1, rto=1, pincode=568481.0, device_reuse=0, risk=15.0",Pilot: block COD for pincodes with >20% RTO history; compare RTO rate and revenue loss
COD + RTO,COD order that resulted in Return-to-Origin (rto_flag=1),o000004504,u002073,7693.41,pincode=579609.0 | city_tier=unknown | device_reuse=1,"Buyers in Tier-3 pincodes order COD without intent to pay, causing RTO losses",Fraudulent addresses used specifically to receive goods and reject delivery,"cod=1, rto=1, pincode=579609.0, device_reuse=1, risk=25.0",Pilot: block COD for pincodes with >20% RTO history; compare RTO rate and revenue loss
COD + RTO,COD order that resulted in Return-to-Origin (rto_flag=1),o000004534,u002797,4486.22,pincode=577080.0 | city_tier=unknown | device_reuse=1,"Buyers in Tier-3 pincodes order COD without intent to pay, causing RTO losses",Fraudulent addresses used specifically to receive goods and reject delivery,"cod=1, rto=1, pincode=577080.0, device_reuse=1, risk=25.0",Pilot: block COD for pincodes with >20% RTO history; compare RTO rate and revenue loss
COD + RTO,COD order that resulted in Return-to-Origin (rto_flag=1),o000004538,,232.11,pincode=563863.0 | city_tier=unknown | device_reuse=0,"Buyers in Tier-3 pincodes order COD without intent to pay, causing RTO losses",Fraudulent addresses used specifically to receive goods and reject delivery,"cod=1, rto=1, pincode=563863.0, device_reuse=0, risk=15.0",Pilot: block COD for pincodes with >20% RTO history; compare RTO rate and revenue loss
